session_id	client_id	timestamp	elb	client_ip	client_port	backend_ip	backend_port	request_processing_time	backend_processing_time	response_processing_time	elb_status_code	backend_status_code	received_bytes	sent_bytes	request_action	request_url	request_protocol	user_agent	ssl_cipher	ssl_protocol
407	129	1437587296	marketpalce-shop	1.186.76.11	54981	10.0.6.99	80	2.3E-5	0.003739	1.4E-5	200	200	0	14333	GET	https://paytm.com:443/	HTTP/1.1	Mozilla/5.0 (Windows NT 6.3; WOW64) AppleWebKit/537.36 (KHTML, like Gecko) Chrome/43.0.2357.134 Safari/537.36	ECDHE-RSA-AES128-GCM-SHA256	TLSv1.2
407	129	1437587353	marketpalce-shop	1.186.76.11	54981	10.0.4.227	80	2.4E-5	0.027331	2.7E-5	302	302	0	17	GET	https://paytm.com:443/shop/v1/frequentorders?channel=web&version=2	HTTP/1.1	Mozilla/5.0 (Windows NT 6.3; WOW64) AppleWebKit/537.36 (KHTML, like Gecko) Chrome/43.0.2357.134 Safari/537.36	ECDHE-RSA-AES128-GCM-SHA256	TLSv1.2
407	129	1437587650	marketpalce-shop	1.186.76.11	54988	10.0.6.199	80	2.4E-5	0.011512	2.3E-5	200	200	0	224	GET	https://paytm.com:443/shop/cart?channel=web&version=2	HTTP/1.1	Mozilla/5.0 (Windows NT 6.3; WOW64) AppleWebKit/537.36 (KHTML, like Gecko) Chrome/43.0.2357.134 Safari/537.36	ECDHE-RSA-AES128-GCM-SHA256	TLSv1.2
407	129	1437586937	marketpalce-shop	1.186.76.11	54981	10.0.4.150	80	2.4E-5	0.004304	2.1E-5	200	200	0	676	GET	https://paytm.com:443/shop/ad/paytmAd?cat=bus1&paytm=new	HTTP/1.1	Mozilla/5.0 (Windows NT 6.3; WOW64) AppleWebKit/537.36 (KHTML, like Gecko) Chrome/43.0.2357.134 Safari/537.36	ECDHE-RSA-AES128-GCM-SHA256	TLSv1.2
407	129	1437587826	marketpalce-shop	1.186.76.11	55023	10.0.6.108	80	2.4E-5	0.024482	2.1E-5	200	200	0	1332	GET	https://paytm.com:443/shop/orderhistory?pagesize=10&channel=web&version=2	HTTP/1.1	Mozilla/5.0 (Windows NT 6.3; WOW64) AppleWebKit/537.36 (KHTML, like Gecko) Chrome/43.0.2357.134 Safari/537.36	ECDHE-RSA-AES128-GCM-SHA256	TLSv1.2
408	129	1437587838	marketpalce-shop	1.186.76.11	55024	10.0.4.227	80	2.2E-5	0.071485	1.4E-5	200	200	0	221	GET	https://paytm.com:443/shop/wallet/balance?channel=web&version=2	HTTP/1.1	Mozilla/5.0 (Windows NT 6.3; WOW64) AppleWebKit/537.36 (KHTML, like Gecko) Chrome/43.0.2357.134 Safari/537.36	ECDHE-RSA-AES128-GCM-SHA256	TLSv1.2
407	129	1437587827	marketpalce-shop	1.186.76.11	55024	10.0.6.99	80	2.3E-5	0.036807	2.2E-5	200	200	0	1777	GET	https://paytm.com:443/shop/orderdetail/1051483158?actions=1&channel=web&version=2	HTTP/1.1	Mozilla/5.0 (Windows NT 6.3; WOW64) AppleWebKit/537.36 (KHTML, like Gecko) Chrome/43.0.2357.134 Safari/537.36	ECDHE-RSA-AES128-GCM-SHA256	TLSv1.2
407	129	1437587184	marketpalce-shop	1.186.76.11	55024	10.0.4.225	80	2.3E-5	0.007929	2.2E-5	200	200	52	30	POST	https://paytm.com:443/papi/nps/merchantverification	HTTP/1.1	Mozilla/5.0 (Windows NT 6.3; WOW64) AppleWebKit/537.36 (KHTML, like Gecko) Chrome/43.0.2357.134 Safari/537.36	ECDHE-RSA-AES128-GCM-SHA256	TLSv1.2
408	129	1437588039	marketpalce-shop	1.186.76.11	55024	10.0.4.150	80	2.2E-5	0.062402	2.3E-5	200	200	0	1332	GET	https://paytm.com:443/shop/orderhistory?pagesize=10&channel=web&version=2	HTTP/1.1	Mozilla/5.0 (Windows NT 6.3; WOW64) AppleWebKit/537.36 (KHTML, like Gecko) Chrome/43.0.2357.134 Safari/537.36	ECDHE-RSA-AES128-GCM-SHA256	TLSv1.2
407	129	1437587267	marketpalce-shop	1.186.76.11	56695	10.0.6.195	80	2.4E-5	0.003979	2.2E-5	200	200	0	14342	GET	https://paytm.com:443/?utm_source=Affiliates&utm_medium=Payoom&utm_campaign=Payoom	HTTP/1.1	Mozilla/5.0 (Windows NT 6.3; WOW64) AppleWebKit/537.36 (KHTML, like Gecko) Chrome/43.0.2357.134 Safari/537.36	ECDHE-RSA-AES128-GCM-SHA256	TLSv1.2
407	129	1437587200	marketpalce-shop	1.186.76.11	56695	10.0.6.158	80	2.2E-5	0.028615	2.5E-5	302	302	0	17	GET	https://paytm.com:443/shop/v1/frequentorders?channel=web&version=2	HTTP/1.1	Mozilla/5.0 (Windows NT 6.3; WOW64) AppleWebKit/537.36 (KHTML, like Gecko) Chrome/43.0.2357.134 Safari/537.36	ECDHE-RSA-AES128-GCM-SHA256	TLSv1.2
407	129	1437587519	marketpalce-shop	1.186.76.11	56695	10.0.4.176	80	2.2E-5	0.014475	2.0E-5	200	200	0	227	GET	https://paytm.com:443/shop/cart?channel=web&version=2	HTTP/1.1	Mozilla/5.0 (Windows NT 6.3; WOW64) AppleWebKit/537.36 (KHTML, like Gecko) Chrome/43.0.2357.134 Safari/537.36	ECDHE-RSA-AES128-GCM-SHA256	TLSv1.2
407	129	1437587424	marketpalce-shop	1.186.76.11	56695	10.0.6.178	80	2.3E-5	0.383799	2.8E-5	200	200	1150	751	POST	https://paytm.com:443/papi/v1/expresscart/verify	HTTP/1.1	Mozilla/5.0 (Windows NT 6.3; WOW64) AppleWebKit/537.36 (KHTML, like Gecko) Chrome/43.0.2357.134 Safari/537.36	ECDHE-RSA-AES128-GCM-SHA256	TLSv1.2
407	129	1437587591	marketpalce-shop	1.186.76.11	56695	10.0.4.217	80	2.4E-5	0.008106	1.7E-5	200	200	0	14342	GET	https://paytm.com:443/?utm_source=Affiliates&utm_medium=Payoom&utm_campaign=Payoom	HTTP/1.1	Mozilla/5.0 (Windows NT 6.3; WOW64) AppleWebKit/537.36 (KHTML, like Gecko) Chrome/43.0.2357.134 Safari/537.36	ECDHE-RSA-AES128-GCM-SHA256	TLSv1.2
408	129	1437587988	marketpalce-shop	1.186.76.11	56695	10.0.4.225	80	4.5E-5	0.032391	2.2E-5	302	302	0	17	GET	https://paytm.com:443/shop/v1/frequentorders?channel=web&version=2	HTTP/1.1	Mozilla/5.0 (Windows NT 6.3; WOW64) AppleWebKit/537.36 (KHTML, like Gecko) Chrome/43.0.2357.134 Safari/537.36	ECDHE-RSA-AES128-GCM-SHA256	TLSv1.2
407	129	1437587319	marketpalce-shop	1.186.76.11	56695	10.0.4.225	80	2.2E-5	0.009941	2.1E-5	200	200	0	227	GET	https://paytm.com:443/shop/cart?channel=web&version=2	HTTP/1.1	Mozilla/5.0 (Windows NT 6.3; WOW64) AppleWebKit/537.36 (KHTML, like Gecko) Chrome/43.0.2357.134 Safari/537.36	ECDHE-RSA-AES128-GCM-SHA256	TLSv1.2
408	129	1437588044	marketpalce-shop	1.186.76.11	55306	10.0.4.244	80	2.2E-5	0.023768	1.5E-5	200	200	158	767	POST	https://paytm.com:443/papi/v1/expresscart/verify	HTTP/1.1	Mozilla/5.0 (Windows NT 6.3; WOW64) AppleWebKit/537.36 (KHTML, like Gecko) Chrome/43.0.2357.134 Safari/537.36	ECDHE-RSA-AES128-GCM-SHA256	TLSv1.2
408	129	1437588297	marketpalce-shop	1.186.76.11	55306	10.0.4.176	80	2.3E-5	0.005403	3.1E-5	200	200	0	14164	GET	https://paytm.com:443/shop/summary/1118077182	HTTP/1.1	Mozilla/5.0 (Windows NT 6.3; WOW64) AppleWebKit/537.36 (KHTML, like Gecko) Chrome/43.0.2357.134 Safari/537.36	ECDHE-RSA-AES128-GCM-SHA256	TLSv1.2
408	129	1437588246	marketpalce-shop	1.186.76.11	55306	10.0.4.227	80	2.1E-5	0.008367	2.1E-5	200	200	0	224	GET	https://paytm.com:443/shop/cart?channel=web&version=2	HTTP/1.1	Mozilla/5.0 (Windows NT 6.3; WOW64) AppleWebKit/537.36 (KHTML, like Gecko) Chrome/43.0.2357.134 Safari/537.36	ECDHE-RSA-AES128-GCM-SHA256	TLSv1.2
408	129	1437588546	marketpalce-shop	1.186.76.11	55306	10.0.6.199	80	2.3E-5	0.02325	2.2E-5	200	200	0	1687	GET	https://paytm.com:443/shop/orderdetail/1118077182?channel=web&version=2	HTTP/1.1	Mozilla/5.0 (Windows NT 6.3; WOW64) AppleWebKit/537.36 (KHTML, like Gecko) Chrome/43.0.2357.134 Safari/537.36	ECDHE-RSA-AES128-GCM-SHA256	TLSv1.2
409	129	1437588943	marketpalce-shop	1.186.76.11	55306	10.0.4.150	80	2.2E-5	1.321454	2.3E-5	200	200	181	531	POST	https://paytm.com:443/shop/action	HTTP/1.1	Mozilla/5.0 (Windows NT 6.3; WOW64) AppleWebKit/537.36 (KHTML, like Gecko) Chrome/43.0.2357.134 Safari/537.36	ECDHE-RSA-AES128-GCM-SHA256	TLSv1.2
408	129	1437588551	marketpalce-shop	1.186.76.11	55306	10.0.6.178	80	2.4E-5	0.005665	2.5E-5	200	200	0	14333	GET	https://paytm.com:443/	HTTP/1.1	Mozilla/5.0 (Windows NT 6.3; WOW64) AppleWebKit/537.36 (KHTML, like Gecko) Chrome/43.0.2357.134 Safari/537.36	ECDHE-RSA-AES128-GCM-SHA256	TLSv1.2
409	129	1437588960	marketpalce-shop	1.186.76.11	55306	10.0.6.195	80	2.3E-5	0.017926	2.3E-5	302	302	0	17	GET	https://paytm.com:443/shop/v1/frequentorders?channel=web&version=2	HTTP/1.1	Mozilla/5.0 (Windows NT 6.3; WOW64) AppleWebKit/537.36 (KHTML, like Gecko) Chrome/43.0.2357.134 Safari/537.36	ECDHE-RSA-AES128-GCM-SHA256	TLSv1.2
408	129	1437588555	marketpalce-shop	1.186.76.11	55361	10.0.4.150	80	1.9E-5	0.016975	1.5E-5	200	200	0	224	GET	https://paytm.com:443/shop/cart?channel=web&version=2	HTTP/1.1	Mozilla/5.0 (Windows NT 6.3; WOW64) AppleWebKit/537.36 (KHTML, like Gecko) Chrome/43.0.2357.134 Safari/537.36	ECDHE-RSA-AES128-GCM-SHA256	TLSv1.2
408	129	1437588659	marketpalce-shop	1.186.76.11	55361	10.0.4.244	80	2.2E-5	0.003322	2.0E-5	200	200	0	676	GET	https://paytm.com:443/shop/ad/paytmAd?cat=bus1&paytm=new	HTTP/1.1	Mozilla/5.0 (Windows NT 6.3; WOW64) AppleWebKit/537.36 (KHTML, like Gecko) Chrome/43.0.2357.134 Safari/537.36	ECDHE-RSA-AES128-GCM-SHA256	TLSv1.2
409	129	1437588756	marketpalce-shop	1.186.76.11	55410	10.0.6.158	80	2.4E-5	0.030027	2.1E-5	200	200	158	767	POST	https://paytm.com:443/papi/v1/expresscart/verify	HTTP/1.1	Mozilla/5.0 (Windows NT 6.3; WOW64) AppleWebKit/537.36 (KHTML, like Gecko) Chrome/43.0.2357.134 Safari/537.36	ECDHE-RSA-AES128-GCM-SHA256	TLSv1.2
1698	534	1437548817	marketpalce-shop	1.22.132.104	61347	10.0.4.225	80	2.5E-5	0.006085	2.1E-5	200	200	0	13820	GET	https://paytm.com:443/shop/p/lenovo-yoga-300-80m0003win-laptop-intel-pentium-quad-core-4-gb-ddr3-500-gb-11-6-inch-windows-8-1-white-LAPLENOVO-YOGA-CYBE21252E69550A5	HTTP/1.1	Mozilla/5.0 (Windows NT 6.3; WOW64) AppleWebKit/537.36 (KHTML, like Gecko) Chrome/43.0.2357.134 Safari/537.36	ECDHE-RSA-AES128-GCM-SHA256	TLSv1.2
1698	534	1437549027	marketpalce-shop	1.22.132.104	61347	10.0.6.108	80	2.3E-5	0.010206	2.4E-5	200	200	0	216	GET	https://paytm.com:443/shop/cart?channel=web&version=2	HTTP/1.1	Mozilla/5.0 (Windows NT 6.3; WOW64) AppleWebKit/537.36 (KHTML, like Gecko) Chrome/43.0.2357.134 Safari/537.36	ECDHE-RSA-AES128-GCM-SHA256	TLSv1.2
1698	534	1437548366	marketpalce-shop	1.22.132.104	61347	10.0.6.108	80	2.5E-5	0.004596	2.2E-5	200	200	0	2	GET	https://paytm.com:443/papi/nps/merchantrating?merchant_id=21252&channel=web&version=2	HTTP/1.1	Mozilla/5.0 (Windows NT 6.3; WOW64) AppleWebKit/537.36 (KHTML, like Gecko) Chrome/43.0.2357.134 Safari/537.36	ECDHE-RSA-AES128-GCM-SHA256	TLSv1.2
1698	534	1437548387	marketpalce-shop	1.22.132.104	61348	10.0.6.158	80	2.5E-5	0.006642	2.1E-5	200	200	0	460	GET	https://paytm.com:443/papi/v1/promosearch/product/16393393/offers?parent_id=15312516&price=30208&channel=web&version=2	HTTP/1.1	Mozilla/5.0 (Windows NT 6.3; WOW64) AppleWebKit/537.36 (KHTML, like Gecko) Chrome/43.0.2357.134 Safari/537.36	ECDHE-RSA-AES128-GCM-SHA256	TLSv1.2
1698	534	1437548447	marketpalce-shop	1.22.132.104	61346	10.0.6.199	80	2.6E-5	0.005262	2.0E-5	200	200	0	50	GET	https://paytm.com:443/papi/rr/products/16393393/statistics?channel=web&version=2	HTTP/1.1	Mozilla/5.0 (Windows NT 6.3; WOW64) AppleWebKit/537.36 (KHTML, like Gecko) Chrome/43.0.2357.134 Safari/537.36	ECDHE-RSA-AES128-GCM-SHA256	TLSv1.2
1698	534	1437548368	marketpalce-shop	1.22.132.104	61346	10.0.4.225	80	2.3E-5	0.004889	2.1E-5	200	200	0	13820	GET	https://paytm.com:443/shop/p/hp-15-r033tx-laptop-core-i3-4th-gen-4gb-ram-500gb-hdd-2gb-graphics-15-6-inches-dos-black-HP_15R033TX_4GBDDR3_BLACK_26463	HTTP/1.1	Mozilla/5.0 (Windows NT 6.3; WOW64) AppleWebKit/537.36 (KHTML, like Gecko) Chrome/43.0.2357.134 Safari/537.36	ECDHE-RSA-AES128-GCM-SHA256	TLSv1.2
1698	534	1437548567	marketpalce-shop	1.22.132.104	61346	10.0.6.199	80	2.3E-5	0.010861	2.1E-5	200	200	0	218	GET	https://paytm.com:443/shop/cart?channel=web&version=2	HTTP/1.1	Mozilla/5.0 (Windows NT 6.3; WOW64) AppleWebKit/537.36 (KHTML, like Gecko) Chrome/43.0.2357.134 Safari/537.36	ECDHE-RSA-AES128-GCM-SHA256	TLSv1.2
1698	534	1437549077	marketpalce-shop	1.22.132.104	61346	10.0.6.199	80	2.6E-5	0.005226	2.2E-5	200	200	0	208	GET	https://paytm.com:443/papi/nps/merchantrating?merchant_id=26463&channel=web&version=2	HTTP/1.1	Mozilla/5.0 (Windows NT 6.3; WOW64) AppleWebKit/537.36 (KHTML, like Gecko) Chrome/43.0.2357.134 Safari/537.36	ECDHE-RSA-AES128-GCM-SHA256	TLSv1.2
1698	534	1437549095	marketpalce-shop	1.22.132.104	61348	10.0.4.176	80	2.4E-5	0.005894	2.0E-5	200	200	0	537	GET	https://paytm.com:443/papi/v1/promosearch/product/5333762/offers?parent_id=3586700&price=33797&channel=web&version=2	HTTP/1.1	Mozilla/5.0 (Windows NT 6.3; WOW64) AppleWebKit/537.36 (KHTML, like Gecko) Chrome/43.0.2357.134 Safari/537.36	ECDHE-RSA-AES128-GCM-SHA256	TLSv1.2
1698	534	1437548233	marketpalce-shop	1.22.132.104	61348	10.0.4.225	80	2.5E-5	0.006507	1.4E-5	200	200	0	52	GET	https://paytm.com:443/papi/rr/products/5333762/statistics?channel=web&version=2	HTTP/1.1	Mozilla/5.0 (Windows NT 6.3; WOW64) AppleWebKit/537.36 (KHTML, like Gecko) Chrome/43.0.2357.134 Safari/537.36	ECDHE-RSA-AES128-GCM-SHA256	TLSv1.2
1698	534	1437548905	marketpalce-shop	1.22.132.104	61348	10.0.4.176	80	2.1E-5	0.00523	2.2E-5	200	200	0	13820	GET	https://paytm.com:443/shop/p/lenovo-g50-80-notebook-core-i5-5th-gen-4-gb-500-gb-15-6-inch-windows-8-1-black-LAPLENOVO-G50-8MOME2105240E3A4C	HTTP/1.1	Mozilla/5.0 (Windows NT 6.3; WOW64) AppleWebKit/537.36 (KHTML, like Gecko) Chrome/43.0.2357.134 Safari/537.36	ECDHE-RSA-AES128-GCM-SHA256	TLSv1.2
1698	534	1437548282	marketpalce-shop	1.22.132.104	61348	10.0.4.225	80	2.4E-5	0.009809	2.0E-5	200	200	0	218	GET	https://paytm.com:443/shop/cart?channel=web&version=2	HTTP/1.1	Mozilla/5.0 (Windows NT 6.3; WOW64) AppleWebKit/537.36 (KHTML, like Gecko) Chrome/43.0.2357.134 Safari/537.36	ECDHE-RSA-AES128-GCM-SHA256	TLSv1.2
1698	534	1437548452	marketpalce-shop	1.22.132.104	61348	10.0.6.195	80	3.2E-5	0.004214	2.3E-5	200	200	0	209	GET	https://paytm.com:443/papi/nps/merchantrating?merchant_id=21052&channel=web&version=2	HTTP/1.1	Mozilla/5.0 (Windows NT 6.3; WOW64) AppleWebKit/537.36 (KHTML, like Gecko) Chrome/43.0.2357.134 Safari/537.36	ECDHE-RSA-AES128-GCM-SHA256	TLSv1.2
1698	534	1437548473	marketpalce-shop	1.22.132.104	61346	10.0.4.225	80	2.3E-5	0.004034	2.0E-5	200	200	0	400	GET	https://paytm.com:443/papi/v1/promosearch/product/14385410/offers?parent_id=14385415&price=33890&channel=web&version=2	HTTP/1.1	Mozilla/5.0 (Windows NT 6.3; WOW64) AppleWebKit/537.36 (KHTML, like Gecko) Chrome/43.0.2357.134 Safari/537.36	ECDHE-RSA-AES128-GCM-SHA256	TLSv1.2
1698	534	1437548518	marketpalce-shop	1.22.132.104	61347	10.0.4.225	80	2.6E-5	0.006305	1.7E-5	200	200	0	52	GET	https://paytm.com:443/papi/rr/products/14385410/statistics?channel=web&version=2	HTTP/1.1	Mozilla/5.0 (Windows NT 6.3; WOW64) AppleWebKit/537.36 (KHTML, like Gecko) Chrome/43.0.2357.134 Safari/537.36	ECDHE-RSA-AES128-GCM-SHA256	TLSv1.2
1698	534	1437548547	marketpalce-shop	1.22.132.104	61347	10.0.6.178	80	2.4E-5	0.004088	2.1E-5	200	200	0	13820	GET	https://paytm.com:443/shop/p/lenovo-g-series-g50-80-core-i5-5th-gen-4-gb-ddr3-500-gb-15-6-inch-windows-8-1-2-gb-black-LAPLENOVO-G-SERMOME21052AA3F54FE	HTTP/1.1	Mozilla/5.0 (Windows NT 6.3; WOW64) AppleWebKit/537.36 (KHTML, like Gecko) Chrome/43.0.2357.134 Safari/537.36	ECDHE-RSA-AES128-GCM-SHA256	TLSv1.2
1698	534	1437548733	marketpalce-shop	1.22.132.104	61347	10.0.4.244	80	2.4E-5	0.010567	1.7E-5	200	200	0	214	GET	https://paytm.com:443/shop/cart?channel=web&version=2	HTTP/1.1	Mozilla/5.0 (Windows NT 6.3; WOW64) AppleWebKit/537.36 (KHTML, like Gecko) Chrome/43.0.2357.134 Safari/537.36	ECDHE-RSA-AES128-GCM-SHA256	TLSv1.2
1698	534	1437548922	marketpalce-shop	1.22.132.104	61347	10.0.6.158	80	2.4E-5	0.004164	2.7E-5	304	304	0	0	GET	https://paytm.com:443/papi/nps/merchantrating?merchant_id=21052&channel=web&version=2	HTTP/1.1	Mozilla/5.0 (Windows NT 6.3; WOW64) AppleWebKit/537.36 (KHTML, like Gecko) Chrome/43.0.2357.134 Safari/537.36	ECDHE-RSA-AES128-GCM-SHA256	TLSv1.2
1698	534	1437548945	marketpalce-shop	1.22.132.104	61346	10.0.6.158	80	2.3E-5	0.003562	2.2E-5	200	200	0	399	GET	https://paytm.com:443/papi/v1/promosearch/product/17427215/offers?parent_id=17427217&price=34990&channel=web&version=2	HTTP/1.1	Mozilla/5.0 (Windows NT 6.3; WOW64) AppleWebKit/537.36 (KHTML, like Gecko) Chrome/43.0.2357.134 Safari/537.36	ECDHE-RSA-AES128-GCM-SHA256	TLSv1.2
1698	534	1437549070	marketpalce-shop	1.22.132.104	61347	10.0.4.244	80	2.6E-5	0.006042	2.0E-5	200	200	0	51	GET	https://paytm.com:443/papi/rr/products/17427215/statistics?channel=web&version=2	HTTP/1.1	Mozilla/5.0 (Windows NT 6.3; WOW64) AppleWebKit/537.36 (KHTML, like Gecko) Chrome/43.0.2357.134 Safari/537.36	ECDHE-RSA-AES128-GCM-SHA256	TLSv1.2
1698	534	1437548434	marketpalce-shop	1.22.132.104	61347	10.0.4.225	80	2.2E-5	0.004037	2.4E-5	200	200	0	13820	GET	https://paytm.com:443/shop/p/hp-x360-13-a010dx-laptop-core-i3-4th-gen-4-gb-500-gb-13-3-inch-windows-8-1-black-LAPHP-X360-13-AMOME210522D328E20	HTTP/1.1	Mozilla/5.0 (Windows NT 6.3; WOW64) AppleWebKit/537.36 (KHTML, like Gecko) Chrome/43.0.2357.134 Safari/537.36	ECDHE-RSA-AES128-GCM-SHA256	TLSv1.2
1698	534	1437548639	marketpalce-shop	1.22.132.104	61347	10.0.6.178	80	2.3E-5	0.010777	2.2E-5	200	200	0	215	GET	https://paytm.com:443/shop/cart?channel=web&version=2	HTTP/1.1	Mozilla/5.0 (Windows NT 6.3; WOW64) AppleWebKit/537.36 (KHTML, like Gecko) Chrome/43.0.2357.134 Safari/537.36	ECDHE-RSA-AES128-GCM-SHA256	TLSv1.2
1698	534	1437548990	marketpalce-shop	1.22.132.104	61347	10.0.6.195	80	2.4E-5	0.004271	2.3E-5	304	304	0	0	GET	https://paytm.com:443/papi/nps/merchantrating?merchant_id=21052&channel=web&version=2	HTTP/1.1	Mozilla/5.0 (Windows NT 6.3; WOW64) AppleWebKit/537.36 (KHTML, like Gecko) Chrome/43.0.2357.134 Safari/537.36	ECDHE-RSA-AES128-GCM-SHA256	TLSv1.2
1698	534	1437549013	marketpalce-shop	1.22.132.104	61346	10.0.4.217	80	2.3E-5	0.004548	2.5E-5	200	200	0	461	GET	https://paytm.com:443/papi/v1/promosearch/product/12193035/offers?parent_id=12193039&price=35590&channel=web&version=2	HTTP/1.1	Mozilla/5.0 (Windows NT 6.3; WOW64) AppleWebKit/537.36 (KHTML, like Gecko) Chrome/43.0.2357.134 Safari/537.36	ECDHE-RSA-AES128-GCM-SHA256	TLSv1.2
1698	534	1437549033	marketpalce-shop	1.22.132.104	61348	10.0.6.195	80	2.4E-5	0.005716	2.4E-5	200	200	0	52	GET	https://paytm.com:443/papi/rr/products/12193035/statistics?channel=web&version=2	HTTP/1.1	Mozilla/5.0 (Windows NT 6.3; WOW64) AppleWebKit/537.36 (KHTML, like Gecko) Chrome/43.0.2357.134 Safari/537.36	ECDHE-RSA-AES128-GCM-SHA256	TLSv1.2
391	125	1437587605	marketpalce-shop	1.22.187.226	27385	10.0.6.108	80	2.4E-5	0.003831	2.0E-5	200	200	0	13980	GET	https://paytm.com:443/shop?utm_source=Affiliates&utm_medium=VCOMM&utm_campaign=VCOMM&utm_term=1064	HTTP/1.1	Mozilla/5.0 (Windows NT 6.1; WOW64; rv:39.0) Gecko/20100101 Firefox/39.0	ECDHE-RSA-AES128-GCM-SHA256	TLSv1.2
688	213	1437582089	marketpalce-shop	1.22.84.151	50980	10.0.6.108	80	2.4E-5	0.004279	2.6E-5	200	200	0	13820	GET	https://paytm.com:443/shop/p/goalgo-black-loafers-size-8-FOOGOALGO-BLACKMEAD485025E23901E	HTTP/1.1	Mozilla/5.0 (Windows NT 6.1; WOW64) AppleWebKit/537.36 (KHTML, like Gecko) Chrome/43.0.2357.134 Safari/537.36	ECDHE-RSA-AES128-GCM-SHA256	TLSv1.2
689	213	1437583036	marketpalce-shop	1.22.84.151	50980	10.0.6.108	80	2.4E-5	0.009596	2.2E-5	200	200	0	215	GET	https://paytm.com:443/shop/cart?channel=web&version=2	HTTP/1.1	Mozilla/5.0 (Windows NT 6.1; WOW64) AppleWebKit/537.36 (KHTML, like Gecko) Chrome/43.0.2357.134 Safari/537.36	ECDHE-RSA-AES128-GCM-SHA256	TLSv1.2
689	213	1437583039	marketpalce-shop	1.22.84.151	50980	10.0.4.176	80	2.4E-5	0.006106	2.1E-5	200	200	0	208	GET	https://paytm.com:443/papi/nps/merchantrating?merchant_id=48502&channel=web&version=2	HTTP/1.1	Mozilla/5.0 (Windows NT 6.1; WOW64) AppleWebKit/537.36 (KHTML, like Gecko) Chrome/43.0.2357.134 Safari/537.36	ECDHE-RSA-AES128-GCM-SHA256	TLSv1.2
688	213	1437582227	marketpalce-shop	1.22.84.151	50980	10.0.4.176	80	2.3E-5	0.007016	1.4E-5	200	200	0	387	GET	https://paytm.com:443/papi/v1/promosearch/product/16926771/offers?parent_id=16926848&price=380&channel=web&version=2	HTTP/1.1	Mozilla/5.0 (Windows NT 6.1; WOW64) AppleWebKit/537.36 (KHTML, like Gecko) Chrome/43.0.2357.134 Safari/537.36	ECDHE-RSA-AES128-GCM-SHA256	TLSv1.2
688	213	1437582257	marketpalce-shop	1.22.84.151	50997	10.0.4.217	80	2.4E-5	0.007968	1.4E-5	200	200	0	50	GET	https://paytm.com:443/papi/rr/products/16926771/statistics?channel=web&version=2	HTTP/1.1	Mozilla/5.0 (Windows NT 6.1; WOW64) AppleWebKit/537.36 (KHTML, like Gecko) Chrome/43.0.2357.134 Safari/537.36	ECDHE-RSA-AES128-GCM-SHA256	TLSv1.2
688	213	1437582592	marketpalce-shop	1.22.84.151	50997	10.0.6.99	80	2.5E-5	0.004181	1.4E-5	200	200	0	13820	GET	https://paytm.com:443/shop/p/goalgo-black-loafers-size-8-FOOGOALGO-BLACKMEAD48502DEF2ADA7	HTTP/1.1	Mozilla/5.0 (Windows NT 6.1; WOW64) AppleWebKit/537.36 (KHTML, like Gecko) Chrome/43.0.2357.134 Safari/537.36	ECDHE-RSA-AES128-GCM-SHA256	TLSv1.2
688	213	1437582502	marketpalce-shop	1.22.84.151	50997	10.0.6.199	80	2.5E-5	0.020691	2.1E-5	200	200	0	216	GET	https://paytm.com:443/shop/cart?channel=web&version=2	HTTP/1.1	Mozilla/5.0 (Windows NT 6.1; WOW64) AppleWebKit/537.36 (KHTML, like Gecko) Chrome/43.0.2357.134 Safari/537.36	ECDHE-RSA-AES128-GCM-SHA256	TLSv1.2
688	213	1437582765	marketpalce-shop	1.22.84.151	50997	10.0.6.195	80	2.5E-5	0.009568	1.5E-5	304	304	0	0	GET	https://paytm.com:443/papi/nps/merchantrating?merchant_id=48502&channel=web&version=2	HTTP/1.1	Mozilla/5.0 (Windows NT 6.1; WOW64) AppleWebKit/537.36 (KHTML, like Gecko) Chrome/43.0.2357.134 Safari/537.36	ECDHE-RSA-AES128-GCM-SHA256	TLSv1.2
688	213	1437582793	marketpalce-shop	1.22.84.151	50980	10.0.6.195	80	2.1E-5	0.00576	2.0E-5	200	200	0	387	GET	https://paytm.com:443/papi/v1/promosearch/product/16926782/offers?parent_id=16926842&price=380&channel=web&version=2	HTTP/1.1	Mozilla/5.0 (Windows NT 6.1; WOW64) AppleWebKit/537.36 (KHTML, like Gecko) Chrome/43.0.2357.134 Safari/537.36	ECDHE-RSA-AES128-GCM-SHA256	TLSv1.2
688	213	1437582816	marketpalce-shop	1.22.84.151	50998	10.0.4.176	80	2.9E-5	0.007524	1.5E-5	200	200	0	50	GET	https://paytm.com:443/papi/rr/products/16926782/statistics?channel=web&version=2	HTTP/1.1	Mozilla/5.0 (Windows NT 6.1; WOW64) AppleWebKit/537.36 (KHTML, like Gecko) Chrome/43.0.2357.134 Safari/537.36	ECDHE-RSA-AES128-GCM-SHA256	TLSv1.2
472	142	1437587235	marketpalce-shop	1.23.80.25	51252	10.0.4.225	80	2.3E-5	0.004556	2.1E-5	200	200	0	13820	GET	https://paytm.com:443/shop/p/casio-fx-82es-plus-scientific-calculator-12-digit-SSCCAL00000082ESCANANA	HTTP/1.1	Mozilla/5.0 (Windows NT 6.1) AppleWebKit/537.36 (KHTML, like Gecko) Chrome/43.0.2357.134 Safari/537.36	ECDHE-RSA-AES128-GCM-SHA256	TLSv1.2
472	142	1437587940	marketpalce-shop	1.23.80.25	51252	10.0.4.176	80	2.4E-5	0.011231	2.1E-5	200	200	0	214	GET	https://paytm.com:443/shop/cart?channel=web&version=2	HTTP/1.1	Mozilla/5.0 (Windows NT 6.1) AppleWebKit/537.36 (KHTML, like Gecko) Chrome/43.0.2357.134 Safari/537.36	ECDHE-RSA-AES128-GCM-SHA256	TLSv1.2
472	142	1437587744	marketpalce-shop	1.23.80.25	51252	10.0.6.158	80	2.4E-5	0.004198	2.5E-5	200	200	0	208	GET	https://paytm.com:443/papi/nps/merchantrating?merchant_id=21461&channel=web&version=2	HTTP/1.1	Mozilla/5.0 (Windows NT 6.1) AppleWebKit/537.36 (KHTML, like Gecko) Chrome/43.0.2357.134 Safari/537.36	ECDHE-RSA-AES128-GCM-SHA256	TLSv1.2
472	142	1437587821	marketpalce-shop	1.23.80.25	51252	10.0.6.99	80	2.3E-5	0.011591	2.1E-5	200	200	0	253	GET	https://paytm.com:443/papi/v1/promosearch/product/2841228/offers?parent_id=11148844&price=545&channel=web&version=2	HTTP/1.1	Mozilla/5.0 (Windows NT 6.1) AppleWebKit/537.36 (KHTML, like Gecko) Chrome/43.0.2357.134 Safari/537.36	ECDHE-RSA-AES128-GCM-SHA256	TLSv1.2
472	142	1437587912	marketpalce-shop	1.23.80.25	51252	10.0.4.176	80	2.2E-5	0.010616	2.2E-5	200	200	0	51	GET	https://paytm.com:443/papi/rr/products/2841228/statistics?channel=web&version=2	HTTP/1.1	Mozilla/5.0 (Windows NT 6.1) AppleWebKit/537.36 (KHTML, like Gecko) Chrome/43.0.2357.134 Safari/537.36	ECDHE-RSA-AES128-GCM-SHA256	TLSv1.2
472	142	1437587897	marketpalce-shop	1.23.80.25	51252	10.0.4.244	80	2.4E-5	0.001099	2.2E-5	200	200	0	1150	GET	https://paytm.com:443/favicon.ico	HTTP/1.1	Mozilla/5.0 (Windows NT 6.1) AppleWebKit/537.36 (KHTML, like Gecko) Chrome/43.0.2357.134 Safari/537.36	ECDHE-RSA-AES128-GCM-SHA256	TLSv1.2
1572	486	1437561700	marketpalce-shop	1.38.16.236	34464	10.0.4.225	80	2.2E-5	0.004372	2.5E-5	200	200	0	13980	GET	https://paytm.com:443/shop?utm_source=Affiliates&utm_medium=VCOMM&utm_campaign=VCOMM&utm_term=24890	HTTP/1.1	Mozilla/5.0 (Windows NT 6.1) AppleWebKit/535.19 (KHTML, like Gecko) Chrome/18.0.1025.142 Safari/535.19	ECDHE-RSA-AES128-SHA	TLSv1
1572	486	1437561519	marketpalce-shop	1.38.16.236	34464	10.0.4.227	80	2.2E-5	0.010247	2.1E-5	200	200	0	214	GET	https://paytm.com:443/shop/cart?channel=web&version=2	HTTP/1.1	Mozilla/5.0 (Windows NT 6.1) AppleWebKit/535.19 (KHTML, like Gecko) Chrome/18.0.1025.142 Safari/535.19	ECDHE-RSA-AES128-SHA	TLSv1
1572	486	1437561789	marketpalce-shop	1.38.16.236	34464	10.0.4.227	80	2.1E-5	0.001092	2.1E-5	200	200	0	1150	GET	https://paytm.com:443/favicon.ico	HTTP/1.1	Mozilla/5.0 (Windows NT 6.1) AppleWebKit/535.19 (KHTML, like Gecko) Chrome/18.0.1025.142 Safari/535.19	ECDHE-RSA-AES128-SHA	TLSv1
1086	312	1437581930	marketpalce-shop	1.38.20.50	29599	10.0.6.158	80	2.1E-5	0.002854	2.1E-5	200	200	0	10568	GET	https://paytm.com:443/shop/g/men/the-men-s-store/men's-t-shirts-flat-50?gclid=CMHap4yR78YCFQaVvQodSdgGSw	HTTP/1.1	Mozilla/5.0 (Linux; U; Android 4.2.2; en-gb; GT-I9060 Build/JDQ39) AppleWebKit/534.30 (KHTML, like Gecko) Version/4.0 Mobile Safari/534.30	ECDHE-RSA-AES128-SHA	TLSv1
1086	312	1437581934	marketpalce-shop	1.38.20.50	29599	10.0.6.195	80	2.3E-5	0.00291	1.8E-5	200	200	0	10568	GET	https://paytm.com:443/shop/g/men/the-men-s-store/men's-t-shirts-flat-50?gclid=CLvLo4-R78YCFVgmvQodpkoGeA	HTTP/1.1	Mozilla/5.0 (Linux; U; Android 4.2.2; en-gb; GT-I9060 Build/JDQ39) AppleWebKit/534.30 (KHTML, like Gecko) Version/4.0 Mobile Safari/534.30	ECDHE-RSA-AES128-SHA	TLSv1
54	17	1437555793	marketpalce-shop	1.39.10.140	27787	10.0.4.176	80	2.4E-5	0.004025	1.5E-5	200	200	0	10710	GET	https://paytm.com:443/?gclid=CJOKmM6V7cYCFYEIvAodYPcGlQ	HTTP/1.1	Mozilla/5.0 (iPhone; CPU iPhone OS 8_1_1 like Mac OS X) AppleWebKit/600.1.4 (KHTML, like Gecko) Version/8.0 Mobile/12B435 Safari/600.1.4	ECDHE-RSA-AES128-SHA256	TLSv1.2
839	245	1437582874	marketpalce-shop	1.39.12.167	62274	10.0.4.227	80	2.2E-5	0.005498	3.5E-5	200	200	0	243	GET	https://paytm.com:443/papi/v1/promosearch/product/16922566/offers?parent_id=4829396	HTTP/1.1	Mozilla/5.0 (Linux; U; Android 4.0.4; en-gb; LG-P990 Build/IMM76L) AppleWebKit/534.30 (KHTML, like Gecko) Version/4.0 Mobile Safari/534.30	ECDHE-RSA-AES128-SHA	TLSv1
839	245	1437583128	marketpalce-shop	1.39.12.167	62274	10.0.6.195	80	2.5E-5	0.007643	2.1E-5	304	304	0	0	GET	https://paytm.com:443/papi/v1/promosearch/product/12711168/offers?parent_id=11103110	HTTP/1.1	Mozilla/5.0 (Linux; U; Android 4.0.4; en-gb; LG-P990 Build/IMM76L) AppleWebKit/534.30 (KHTML, like Gecko) Version/4.0 Mobile Safari/534.30	ECDHE-RSA-AES128-SHA	TLSv1
839	245	1437582830	marketpalce-shop	1.39.12.167	62274	10.0.6.199	80	2.6E-5	0.040897	2.2E-5	200	200	65	1363	POST	https://paytm.com:443/shop/cart	HTTP/1.1	Mozilla/5.0 (Linux; U; Android 4.0.4; en-gb; LG-P990 Build/IMM76L) AppleWebKit/534.30 (KHTML, like Gecko) Version/4.0 Mobile Safari/534.30	ECDHE-RSA-AES128-SHA	TLSv1
839	245	1437582904	marketpalce-shop	1.39.12.167	62274	10.0.4.176	80	2.6E-5	0.029817	1.7E-5	200	200	0	1308	GET	https://paytm.com:443/shop/cart	HTTP/1.1	Mozilla/5.0 (Linux; U; Android 4.0.4; en-gb; LG-P990 Build/IMM76L) AppleWebKit/534.30 (KHTML, like Gecko) Version/4.0 Mobile Safari/534.30	ECDHE-RSA-AES128-SHA	TLSv1
839	245	1437583088	marketpalce-shop	1.39.12.167	62274	10.0.6.199	80	2.1E-5	0.097561	2.0E-5	200	200	64	1355	POST	https://paytm.com:443/shop/cart	HTTP/1.1	Mozilla/5.0 (Linux; U; Android 4.0.4; en-gb; LG-P990 Build/IMM76L) AppleWebKit/534.30 (KHTML, like Gecko) Version/4.0 Mobile Safari/534.30	ECDHE-RSA-AES128-SHA	TLSv1
839	245	1437583198	marketpalce-shop	1.39.12.167	62274	10.0.4.227	80	2.5E-5	0.059556	2.2E-5	200	200	65	1348	POST	https://paytm.com:443/shop/cart	HTTP/1.1	Mozilla/5.0 (Linux; U; Android 4.0.4; en-gb; LG-P990 Build/IMM76L) AppleWebKit/534.30 (KHTML, like Gecko) Version/4.0 Mobile Safari/534.30	ECDHE-RSA-AES128-SHA	TLSv1
1096	317	1437583620	marketpalce-shop	1.39.12.227	55609	10.0.4.227	80	2.6E-5	0.018641	1.5E-5	200	200	0	212	GET	https://paytm.com:443/shop/cart	HTTP/1.1	Mozilla/5.0 (Linux; U; Android 4.2.2; en-gb; GT-S7582 Build/JDQ39) AppleWebKit/534.30 (KHTML, like Gecko) Version/4.0 Mobile Safari/534.30	ECDHE-RSA-AES128-SHA	TLSv1
1096	317	1437583652	marketpalce-shop	1.39.12.227	28155	10.0.6.199	80	2.3E-5	0.00104	2.1E-5	200	200	0	1150	GET	https://paytm.com:443/favicon.ico	HTTP/1.1	Mozilla/5.0 (Linux; U; Android 4.2.2; en-gb; GT-S7582 Build/JDQ39) AppleWebKit/534.30 (KHTML, like Gecko) Version/4.0 Mobile Safari/534.30	ECDHE-RSA-AES128-SHA	TLSv1
1096	317	1437583800	marketpalce-shop	1.39.12.227	21623	10.0.6.178	80	2.3E-5	0.003363	2.2E-5	302	302	0	534	GET	https://paytm.com:443/shop/login?isIframe=true&theme=mp-html5	HTTP/1.1	Mozilla/5.0 (Linux; U; Android 4.2.2; en-gb; GT-S7582 Build/JDQ39) AppleWebKit/534.30 (KHTML, like Gecko) Version/4.0 Mobile Safari/534.30	ECDHE-RSA-AES128-SHA	TLSv1
638	205	1437582655	marketpalce-shop	1.39.33.236	35816	10.0.4.227	80	2.2E-5	0.004357	1.6E-5	200	200	0	12782	GET	https://paytm.com:443/grievance-policy	HTTP/1.1	Mozilla/5.0 (Linux; U; Android 2.3.5; en-us; Spice MI352 Build/GRJ90) AppleWebKit/5.33.1 (KHTML, like Gecko) Version/4.0 Mobile Safari/533.1	DHE-RSA-AES128-SHA	TLSv1
638	205	1437582094	marketpalce-shop	1.39.33.236	35816	10.0.4.227	80	2.3E-5	0.784273	2.6E-5	404	404	0	9818	GET	https://paytm.com:443/offer/wp-content/plugins/wp-awesome-faq/images/ui-bg_flat_75_ffffff_40x100.png	HTTP/1.1	Mozilla/5.0 (Linux; U; Android 2.3.5; en-us; Spice MI352 Build/GRJ90) AppleWebKit/5.33.1 (KHTML, like Gecko) Version/4.0 Mobile Safari/533.1	DHE-RSA-AES128-SHA	TLSv1
638	205	1437582473	marketpalce-shop	1.39.33.236	32860	10.0.6.195	80	2.3E-5	0.960558	2.4E-5	404	404	0	9812	GET	https://paytm.com:443/offer/wp-content/plugins/wp-awesome-faq/images/ui-icons_222222_256x240.png	HTTP/1.1	Mozilla/5.0 (Linux; U; Android 2.3.5; en-us; Spice MI352 Build/GRJ90) AppleWebKit/5.33.1 (KHTML, like Gecko) Version/4.0 Mobile Safari/533.1	DHE-RSA-AES128-SHA	TLSv1
1392	432	1437561892	marketpalce-shop	1.39.34.3	30321	10.0.4.244	81	2.4E-5	2.29E-4	1.6E-5	301	301	0	178	GET	http://www.paytm.com:80/	HTTP/1.1	Mozilla/5.0 (Linux; U; Android 4.1.2; en-us; GT-P3100 Build/JZO54K) AppleWebKit/534.30 (KHTML, like Gecko) Version/4.0 Safari/534.30	-	-
833	243	1437582684	marketpalce-shop	1.39.35.229	54376	10.0.4.150	80	2.2E-5	0.002612	2.2E-5	301	301	0	0	GET	https://paytm.com:443/offer/paytm-automatic	HTTP/1.1	Mozilla/5.0 (Linux; Android 4.4.2; HTC Desire 620G dual sim Build/KOT49H) AppleWebKit/537.36 (KHTML, like Gecko) Version/4.0 Chrome/30.0.0.0 Mobile Safari/537.36	ECDHE-RSA-AES128-GCM-SHA256	TLSv1.2
833	243	1437582894	marketpalce-shop	1.39.35.229	54376	10.0.4.244	80	2.3E-5	0.004227	3.1E-5	200	200	0	11810	GET	https://paytm.com:443/offer/paytm-automatic/	HTTP/1.1	Mozilla/5.0 (Linux; Android 4.4.2; HTC Desire 620G dual sim Build/KOT49H) AppleWebKit/537.36 (KHTML, like Gecko) Version/4.0 Chrome/30.0.0.0 Mobile Safari/537.36	ECDHE-RSA-AES128-GCM-SHA256	TLSv1.2
833	243	1437582266	marketpalce-shop	1.39.35.229	54376	10.0.4.150	80	2.2E-5	0.002471	2.1E-5	200	200	0	1431	GET	https://paytm.com:443/offer/wp-content/plugins/image-slider-responsive/css/flexslider.css?ver=4.2.2	HTTP/1.1	Mozilla/5.0 (Linux; Android 4.4.2; HTC Desire 620G dual sim Build/KOT49H) AppleWebKit/537.36 (KHTML, like Gecko) Version/4.0 Chrome/30.0.0.0 Mobile Safari/537.36	ECDHE-RSA-AES128-GCM-SHA256	TLSv1.2
833	243	1437582446	marketpalce-shop	1.39.35.229	54376	10.0.4.244	80	2.3E-5	0.003899	1.5E-5	200	200	0	6549	GET	https://paytm.com:443/offer/wp-content/plugins/wp-awesome-faq/jquery-ui.css?ver=4.2.2	HTTP/1.1	Mozilla/5.0 (Linux; Android 4.4.2; HTC Desire 620G dual sim Build/KOT49H) AppleWebKit/537.36 (KHTML, like Gecko) Version/4.0 Chrome/30.0.0.0 Mobile Safari/537.36	ECDHE-RSA-AES128-GCM-SHA256	TLSv1.2
833	243	1437582475	marketpalce-shop	1.39.35.229	24563	10.0.6.178	80	2.3E-5	0.001685	2.0E-5	200	200	0	472	GET	https://paytm.com:443/offer/wp-content/plugins/contact-form-7/includes/css/styles.css?ver=4.0.3	HTTP/1.1	Mozilla/5.0 (Linux; Android 4.4.2; HTC Desire 620G dual sim Build/KOT49H) AppleWebKit/537.36 (KHTML, like Gecko) Version/4.0 Chrome/30.0.0.0 Mobile Safari/537.36	ECDHE-RSA-AES128-GCM-SHA256	TLSv1.2
833	243	1437582506	marketpalce-shop	1.39.35.229	46409	10.0.4.244	80	2.4E-5	0.002521	1.9E-5	200	200	0	1025	GET	https://paytm.com:443/offer/wp-content/plugins/images-thumbnail-sliderv1/css/images-thumbnail-sliderv1-style.css?ver=4.2.2	HTTP/1.1	Mozilla/5.0 (Linux; Android 4.4.2; HTC Desire 620G dual sim Build/KOT49H) AppleWebKit/537.36 (KHTML, like Gecko) Version/4.0 Chrome/30.0.0.0 Mobile Safari/537.36	ECDHE-RSA-AES128-GCM-SHA256	TLSv1.2
833	243	1437582516	marketpalce-shop	1.39.35.229	36097	10.0.4.150	80	2.5E-5	0.002621	2.8E-5	200	200	0	1758	GET	https://paytm.com:443/offer/wp-content/plugins/wc-gallery/includes/css/style.css?ver=1.26	HTTP/1.1	Mozilla/5.0 (Linux; Android 4.4.2; HTC Desire 620G dual sim Build/KOT49H) AppleWebKit/537.36 (KHTML, like Gecko) Version/4.0 Chrome/30.0.0.0 Mobile Safari/537.36	ECDHE-RSA-AES128-GCM-SHA256	TLSv1.2
833	243	1437582526	marketpalce-shop	1.39.35.229	30158	10.0.4.150	80	2.6E-5	0.002693	3.9E-5	200	200	0	1999	GET	https://paytm.com:443/offer/wp-content/plugins/wc-gallery/includes/css/magnific-popup.css?ver=0.9.9	HTTP/1.1	Mozilla/5.0 (Linux; Android 4.4.2; HTC Desire 620G dual sim Build/KOT49H) AppleWebKit/537.36 (KHTML, like Gecko) Version/4.0 Chrome/30.0.0.0 Mobile Safari/537.36	ECDHE-RSA-AES128-GCM-SHA256	TLSv1.2
833	243	1437582545	marketpalce-shop	1.39.35.229	26298	10.0.6.178	80	2.4E-5	0.001747	2.1E-5	200	200	0	1858	GET	https://paytm.com:443/offer/wp-content/plugins/wc-gallery/includes/js/flexslider/flexslider.css?ver=2.2.0	HTTP/1.1	Mozilla/5.0 (Linux; Android 4.4.2; HTC Desire 620G dual sim Build/KOT49H) AppleWebKit/537.36 (KHTML, like Gecko) Version/4.0 Chrome/30.0.0.0 Mobile Safari/537.36	ECDHE-RSA-AES128-GCM-SHA256	TLSv1.2
833	243	1437582686	marketpalce-shop	1.39.35.229	54376	10.0.6.108	80	2.5E-5	0.001646	2.1E-5	200	200	0	923	GET	https://paytm.com:443/offer/wp-content/plugins/wc-gallery/includes/js/owlcarousel/assets/owl.carousel.min.css?ver=2.0.0	HTTP/1.1	Mozilla/5.0 (Linux; Android 4.4.2; HTC Desire 620G dual sim Build/KOT49H) AppleWebKit/537.36 (KHTML, like Gecko) Version/4.0 Chrome/30.0.0.0 Mobile Safari/537.36	ECDHE-RSA-AES128-GCM-SHA256	TLSv1.2
833	243	1437582696	marketpalce-shop	1.39.35.229	24563	10.0.6.178	80	2.0E-5	0.001695	2.0E-5	200	200	0	599	GET	https://paytm.com:443/offer/wp-content/plugins/wc-gallery/includes/js/owlcarousel/assets/owl.theme.default.css?ver=2.0.0	HTTP/1.1	Mozilla/5.0 (Linux; Android 4.4.2; HTC Desire 620G dual sim Build/KOT49H) AppleWebKit/537.36 (KHTML, like Gecko) Version/4.0 Chrome/30.0.0.0 Mobile Safari/537.36	ECDHE-RSA-AES128-GCM-SHA256	TLSv1.2
833	243	1437582706	marketpalce-shop	1.39.35.229	46409	10.0.6.108	80	2.5E-5	0.001724	2.1E-5	200	200	0	1037	GET	https://paytm.com:443/offer/wp-content/plugins/wp-image-slider-with-lightbox/css/slider-plus-lightbox-style.css?ver=4.2.2	HTTP/1.1	Mozilla/5.0 (Linux; Android 4.4.2; HTC Desire 620G dual sim Build/KOT49H) AppleWebKit/537.36 (KHTML, like Gecko) Version/4.0 Chrome/30.0.0.0 Mobile Safari/537.36	ECDHE-RSA-AES128-GCM-SHA256	TLSv1.2
833	243	1437582716	marketpalce-shop	1.39.35.229	36097	10.0.6.178	80	2.4E-5	0.001864	2.0E-5	200	200	0	2128	GET	https://paytm.com:443/offer/wp-content/plugins/wp-image-slider-with-lightbox/css/jquery.lbox.css?ver=4.2.2	HTTP/1.1	Mozilla/5.0 (Linux; Android 4.4.2; HTC Desire 620G dual sim Build/KOT49H) AppleWebKit/537.36 (KHTML, like Gecko) Version/4.0 Chrome/30.0.0.0 Mobile Safari/537.36	ECDHE-RSA-AES128-GCM-SHA256	TLSv1.2
